[{ "id": 1, "nombre": "Arnold", "apelllido": "monsalve", "email": "arenmoja@gmail.com", "sexo": "masculino", "hoja": "url" }, { "id": 1, "nombre": "Juan", "apelllido": "Garcia", "email": "correo@gmail.com", "sexo": "masculino", "hoja": "url" }, { "id": 1, "nombre": "Valentina", "apelllido": "Olachica", "email": "correo@gmail.com", "sexo": "femenino", "hoja": "url" }, { "id": 1, "nombre": "Juliana", "apelllido": "Nuñez", "email": "correo@gmail.com", "sexo": "femenino", "hoja": "url" }, { "id": 1, "nombre": "Carlos", "apelllido": "Rivera", "email": "correo@gmail.com", "sexo": "masculino", "hoja": "url" }]